<?xml version="1.0" encoding="UTF-8"?>

<Model quotesql="1" tablecharset="" mysql_version="504" mssql_version="2005" derby_version="106" ingres_version="9">
  <Entity name="mensualidad">
    <Column name="id">
      <PrimaryKey>true</PrimaryKey>
      <ForeignKey>false</ForeignKey>
      <Type>9</Type>
      <Length>10</Length>
      <Nullable>false</Nullable>
      <IDGenerator>increment</IDGenerator>
      <Unique>false</Unique>
      <Index>false</Index>
      <UserTypes/>
    </Column>
    <Column name="secretariaid">
      <PrimaryKey>false</PrimaryKey>
      <ForeignKey>true</ForeignKey>
      <ReferencedColumn>secretaria.id</ReferencedColumn>
      <Type>9</Type>
      <Length>10</Length>
      <Nullable>false</Nullable>
      <IDGenerator>native</IDGenerator>
      <Unique>false</Unique>
      <Index>false</Index>
      <UserTypes/>
    </Column>
    <Column name="estudianteid">
      <PrimaryKey>false</PrimaryKey>
      <ForeignKey>true</ForeignKey>
      <ReferencedColumn>estudiante.id</ReferencedColumn>
      <Type>9</Type>
      <Length>10</Length>
      <Nullable>false</Nullable>
      <IDGenerator>native</IDGenerator>
      <Unique>false</Unique>
      <Index>false</Index>
      <UserTypes/>
    </Column>
    <Column name="mes">
      <PrimaryKey>false</PrimaryKey>
      <ForeignKey>false</ForeignKey>
      <Type>9</Type>
      <Length>2</Length>
      <Nullable>false</Nullable>
      <IDGenerator>native</IDGenerator>
      <Unique>false</Unique>
      <Index>false</Index>
      <UserTypes/>
    </Column>
    <Column name="monto">
      <PrimaryKey>false</PrimaryKey>
      <ForeignKey>false</ForeignKey>
      <Type>9</Type>
      <Length>10</Length>
      <Nullable>false</Nullable>
      <IDGenerator>native</IDGenerator>
      <Unique>false</Unique>
      <Index>false</Index>
      <UserTypes/>
    </Column>
  </Entity>
  <Entity name="secretaria">
    <Column name="id">
      <PrimaryKey>true</PrimaryKey>
      <ForeignKey>false</ForeignKey>
      <Type>9</Type>
      <Length>10</Length>
      <Nullable>false</Nullable>
      <IDGenerator>increment</IDGenerator>
      <Unique>false</Unique>
      <Index>false</Index>
      <UserTypes/>
    </Column>
    <Column name="personaid">
      <PrimaryKey>false</PrimaryKey>
      <ForeignKey>true</ForeignKey>
      <ReferencedColumn>persona.id</ReferencedColumn>
      <Type>9</Type>
      <Length>10</Length>
      <Nullable>false</Nullable>
      <IDGenerator>native</IDGenerator>
      <Unique>false</Unique>
      <Index>false</Index>
      <UserTypes/>
    </Column>
  </Entity>
  <Entity name="persona">
    <Column name="id">
      <PrimaryKey>true</PrimaryKey>
      <ForeignKey>false</ForeignKey>
      <Type>9</Type>
      <Length>10</Length>
      <Nullable>false</Nullable>
      <IDGenerator>increment</IDGenerator>
      <Unique>false</Unique>
      <Index>false</Index>
      <UserTypes/>
    </Column>
    <Column name="nombre">
      <PrimaryKey>false</PrimaryKey>
      <ForeignKey>false</ForeignKey>
      <Type>27</Type>
      <Length>20</Length>
      <Nullable>false</Nullable>
      <IDGenerator>native</IDGenerator>
      <Unique>false</Unique>
      <Index>false</Index>
      <UserTypes/>
    </Column>
    <Column name="apellido">
      <PrimaryKey>false</PrimaryKey>
      <ForeignKey>false</ForeignKey>
      <Type>27</Type>
      <Length>20</Length>
      <Nullable>false</Nullable>
      <IDGenerator>native</IDGenerator>
      <Unique>false</Unique>
      <Index>false</Index>
      <UserTypes/>
    </Column>
    <Column name="rut">
      <PrimaryKey>false</PrimaryKey>
      <ForeignKey>false</ForeignKey>
      <Type>27</Type>
      <Length>20</Length>
      <Nullable>false</Nullable>
      <IDGenerator>native</IDGenerator>
      <Unique>false</Unique>
      <Index>false</Index>
      <UserTypes/>
    </Column>
  </Entity>
  <Entity name="estudiante">
    <Column name="id">
      <PrimaryKey>true</PrimaryKey>
      <ForeignKey>false</ForeignKey>
      <Type>9</Type>
      <Length>10</Length>
      <Nullable>false</Nullable>
      <IDGenerator>increment</IDGenerator>
      <Unique>false</Unique>
      <Index>false</Index>
      <UserTypes/>
    </Column>
    <Column name="personaid">
      <PrimaryKey>false</PrimaryKey>
      <ForeignKey>true</ForeignKey>
      <ReferencedColumn>persona.id</ReferencedColumn>
      <Type>9</Type>
      <Length>10</Length>
      <Nullable>false</Nullable>
      <IDGenerator>native</IDGenerator>
      <Unique>false</Unique>
      <Index>false</Index>
      <UserTypes/>
    </Column>
  </Entity>
  <Entity name="curso">
    <Column name="id">
      <PrimaryKey>true</PrimaryKey>
      <ForeignKey>false</ForeignKey>
      <Type>9</Type>
      <Length>10</Length>
      <Nullable>false</Nullable>
      <IDGenerator>increment</IDGenerator>
      <Unique>false</Unique>
      <Index>false</Index>
      <UserTypes/>
    </Column>
    <Column name="nombreCurso">
      <PrimaryKey>false</PrimaryKey>
      <ForeignKey>false</ForeignKey>
      <Type>27</Type>
      <Length>20</Length>
      <Nullable>false</Nullable>
      <IDGenerator>native</IDGenerator>
      <Unique>false</Unique>
      <Index>false</Index>
      <UserTypes/>
    </Column>
    <Column name="estadocurso">
      <PrimaryKey>false</PrimaryKey>
      <ForeignKey>false</ForeignKey>
      <Type>9</Type>
      <Length>1</Length>
      <Nullable>true</Nullable>
      <IDGenerator>native</IDGenerator>
      <Unique>false</Unique>
      <Index>false</Index>
      <UserTypes/>
    </Column>
    <Column name="directorid">
      <PrimaryKey>false</PrimaryKey>
      <ForeignKey>true</ForeignKey>
      <ReferencedColumn>director.id</ReferencedColumn>
      <Type>9</Type>
      <Length>10</Length>
      <Nullable>false</Nullable>
      <IDGenerator>native</IDGenerator>
      <Unique>false</Unique>
      <Index>false</Index>
      <UserTypes/>
    </Column>
    <Column name="cupos">
      <PrimaryKey>false</PrimaryKey>
      <ForeignKey>false</ForeignKey>
      <Type>9</Type>
      <Length>2</Length>
      <Nullable>true</Nullable>
      <IDGenerator>native</IDGenerator>
      <Unique>false</Unique>
      <Index>false</Index>
      <UserTypes/>
    </Column>
  </Entity>
  <Entity name="director">
    <Column name="personaid">
      <PrimaryKey>false</PrimaryKey>
      <ForeignKey>true</ForeignKey>
      <ReferencedColumn>persona.id</ReferencedColumn>
      <Type>9</Type>
      <Length>10</Length>
      <Nullable>false</Nullable>
      <IDGenerator>native</IDGenerator>
      <Unique>false</Unique>
      <Index>false</Index>
      <UserTypes/>
    </Column>
    <Column name="id">
      <PrimaryKey>true</PrimaryKey>
      <ForeignKey>false</ForeignKey>
      <Type>9</Type>
      <Length>10</Length>
      <Nullable>false</Nullable>
      <IDGenerator>increment</IDGenerator>
      <Unique>false</Unique>
      <Index>false</Index>
      <UserTypes/>
    </Column>
  </Entity>
  <Entity name="profesor">
    <Column name="id">
      <PrimaryKey>true</PrimaryKey>
      <ForeignKey>false</ForeignKey>
      <Type>9</Type>
      <Length>10</Length>
      <Nullable>false</Nullable>
      <IDGenerator>increment</IDGenerator>
      <Unique>false</Unique>
      <Index>false</Index>
      <UserTypes/>
    </Column>
    <Column name="personaid">
      <PrimaryKey>false</PrimaryKey>
      <ForeignKey>true</ForeignKey>
      <ReferencedColumn>persona.id</ReferencedColumn>
      <Type>9</Type>
      <Length>10</Length>
      <Nullable>false</Nullable>
      <IDGenerator>assigned</IDGenerator>
      <Unique>false</Unique>
      <Index>false</Index>
      <UserTypes/>
    </Column>
    <Column name="cantCursos">
      <PrimaryKey>false</PrimaryKey>
      <ForeignKey>false</ForeignKey>
      <Type>9</Type>
      <Length>10</Length>
      <Nullable>true</Nullable>
      <IDGenerator>native</IDGenerator>
      <Unique>false</Unique>
      <Index>false</Index>
      <UserTypes/>
    </Column>
  </Entity>
  <Entity name="matricula">
    <Column name="id">
      <PrimaryKey>true</PrimaryKey>
      <ForeignKey>false</ForeignKey>
      <Type>9</Type>
      <Length>10</Length>
      <Nullable>false</Nullable>
      <IDGenerator>increment</IDGenerator>
      <Unique>false</Unique>
      <Index>false</Index>
      <UserTypes/>
    </Column>
    <Column name="estadoMatricula">
      <PrimaryKey>false</PrimaryKey>
      <ForeignKey>false</ForeignKey>
      <Type>9</Type>
      <Length>1</Length>
      <Nullable>true</Nullable>
      <IDGenerator>native</IDGenerator>
      <Unique>false</Unique>
      <Index>false</Index>
      <UserTypes/>
    </Column>
    <Column name="monto">
      <PrimaryKey>false</PrimaryKey>
      <ForeignKey>false</ForeignKey>
      <Type>9</Type>
      <Length>10</Length>
      <Nullable>true</Nullable>
      <IDGenerator>native</IDGenerator>
      <Unique>false</Unique>
      <Index>false</Index>
      <UserTypes/>
    </Column>
    <Column name="secretariaid">
      <PrimaryKey>false</PrimaryKey>
      <ForeignKey>true</ForeignKey>
      <ReferencedColumn>secretaria.id</ReferencedColumn>
      <Type>9</Type>
      <Length>10</Length>
      <Nullable>true</Nullable>
      <IDGenerator>native</IDGenerator>
      <Unique>false</Unique>
      <Index>false</Index>
      <UserTypes/>
    </Column>
    <Column name="estudianteid">
      <PrimaryKey>false</PrimaryKey>
      <ForeignKey>true</ForeignKey>
      <ReferencedColumn>estudiante.id</ReferencedColumn>
      <Type>9</Type>
      <Length>10</Length>
      <Nullable>false</Nullable>
      <IDGenerator>native</IDGenerator>
      <Unique>false</Unique>
      <Index>false</Index>
      <UserTypes/>
    </Column>
  </Entity>
  <Entity name="jefeadministracion">
    <Column name="id">
      <PrimaryKey>true</PrimaryKey>
      <ForeignKey>false</ForeignKey>
      <Type>9</Type>
      <Length>10</Length>
      <Nullable>false</Nullable>
      <IDGenerator>increment</IDGenerator>
      <Unique>false</Unique>
      <Index>false</Index>
      <UserTypes/>
    </Column>
    <Column name="personaid">
      <PrimaryKey>false</PrimaryKey>
      <ForeignKey>true</ForeignKey>
      <ReferencedColumn>persona.id</ReferencedColumn>
      <Type>9</Type>
      <Length>10</Length>
      <Nullable>false</Nullable>
      <IDGenerator>native</IDGenerator>
      <Unique>false</Unique>
      <Index>false</Index>
      <UserTypes/>
    </Column>
  </Entity>
  <Entity name="estudiante_curso">
    <Column name="id">
      <PrimaryKey>true</PrimaryKey>
      <ForeignKey>false</ForeignKey>
      <Type>9</Type>
      <Length>10</Length>
      <Nullable>false</Nullable>
      <IDGenerator>increment</IDGenerator>
      <Unique>false</Unique>
      <Index>false</Index>
      <UserTypes/>
    </Column>
    <Column name="estudianteid">
      <PrimaryKey>false</PrimaryKey>
      <ForeignKey>true</ForeignKey>
      <ReferencedColumn>estudiante.id</ReferencedColumn>
      <Type>9</Type>
      <Length>10</Length>
      <Nullable>false</Nullable>
      <IDGenerator>native</IDGenerator>
      <Unique>false</Unique>
      <Index>false</Index>
      <UserTypes/>
    </Column>
    <Column name="cursoid">
      <PrimaryKey>false</PrimaryKey>
      <ForeignKey>true</ForeignKey>
      <ReferencedColumn>curso.id</ReferencedColumn>
      <Type>9</Type>
      <Length>10</Length>
      <Nullable>false</Nullable>
      <IDGenerator>native</IDGenerator>
      <Unique>false</Unique>
      <Index>false</Index>
      <UserTypes/>
    </Column>
  </Entity>
  <Entity name="curso_profesor">
    <Column name="id">
      <PrimaryKey>true</PrimaryKey>
      <ForeignKey>false</ForeignKey>
      <Type>9</Type>
      <Length>10</Length>
      <Nullable>false</Nullable>
      <IDGenerator>increment</IDGenerator>
      <Unique>false</Unique>
      <Index>false</Index>
      <UserTypes/>
    </Column>
    <Column name="cursoid">
      <PrimaryKey>false</PrimaryKey>
      <ForeignKey>true</ForeignKey>
      <ReferencedColumn>curso.id</ReferencedColumn>
      <Type>9</Type>
      <Length>10</Length>
      <Nullable>false</Nullable>
      <IDGenerator>native</IDGenerator>
      <Unique>false</Unique>
      <Index>false</Index>
      <UserTypes/>
    </Column>
    <Column name="profesorid">
      <PrimaryKey>false</PrimaryKey>
      <ForeignKey>true</ForeignKey>
      <ReferencedColumn>profesor.id</ReferencedColumn>
      <Type>9</Type>
      <Length>10</Length>
      <Nullable>false</Nullable>
      <IDGenerator>native</IDGenerator>
      <Unique>false</Unique>
      <Index>false</Index>
      <UserTypes/>
    </Column>
  </Entity>
  <Entity name="sueldo">
    <Column name="id">
      <PrimaryKey>true</PrimaryKey>
      <ForeignKey>false</ForeignKey>
      <Type>9</Type>
      <Length>10</Length>
      <Nullable>false</Nullable>
      <IDGenerator>increment</IDGenerator>
      <Unique>false</Unique>
      <Index>false</Index>
      <UserTypes/>
    </Column>
    <Column name="monto">
      <PrimaryKey>false</PrimaryKey>
      <ForeignKey>false</ForeignKey>
      <Type>9</Type>
      <Length>10</Length>
      <Nullable>false</Nullable>
      <IDGenerator>native</IDGenerator>
      <Unique>false</Unique>
      <Index>false</Index>
      <UserTypes/>
    </Column>
  </Entity>
  <Entity name="sueldo_profesor">
    <Column name="sueldoid">
      <PrimaryKey>true</PrimaryKey>
      <ForeignKey>true</ForeignKey>
      <ReferencedColumn>sueldo.id</ReferencedColumn>
      <Type>9</Type>
      <Length>10</Length>
      <Nullable>false</Nullable>
      <IDGenerator>assigned</IDGenerator>
      <Unique>false</Unique>
      <Index>false</Index>
      <UserTypes/>
    </Column>
    <Column name="profesorid">
      <PrimaryKey>true</PrimaryKey>
      <ForeignKey>true</ForeignKey>
      <ReferencedColumn>profesor.id</ReferencedColumn>
      <Type>9</Type>
      <Length>10</Length>
      <Nullable>false</Nullable>
      <IDGenerator>assigned</IDGenerator>
      <Unique>false</Unique>
      <Index>false</Index>
      <UserTypes/>
    </Column>
    <Column name="jefeadministracionid">
      <PrimaryKey>false</PrimaryKey>
      <ForeignKey>true</ForeignKey>
      <ReferencedColumn>jefeadministracion.id</ReferencedColumn>
      <Type>9</Type>
      <Length>10</Length>
      <Nullable>false</Nullable>
      <IDGenerator>native</IDGenerator>
      <Unique>false</Unique>
      <Index>false</Index>
      <UserTypes/>
    </Column>
    <Column name="mes">
      <PrimaryKey>false</PrimaryKey>
      <ForeignKey>false</ForeignKey>
      <Type>9</Type>
      <Length>2</Length>
      <Nullable>false</Nullable>
      <IDGenerator>native</IDGenerator>
      <Unique>false</Unique>
      <Index>false</Index>
      <UserTypes/>
    </Column>
  </Entity>
  <ForeignKey name="FKmensualida598933">
    <ReferenceTable>mensualidad</ReferenceTable>
    <ReferencedTable>secretaria</ReferencedTable>
    <Columns>
      <Column>secretariaid</Column>
    </Columns>
    <RefColumns>
      <Column>id</Column>
    </RefColumns>
  </ForeignKey>
  <ForeignKey name="FKsecretaria329653">
    <ReferenceTable>secretaria</ReferenceTable>
    <ReferencedTable>persona</ReferencedTable>
    <Columns>
      <Column>personaid</Column>
    </Columns>
    <RefColumns>
      <Column>id</Column>
    </RefColumns>
  </ForeignKey>
  <ForeignKey name="FKmensualida146361">
    <ReferenceTable>mensualidad</ReferenceTable>
    <ReferencedTable>estudiante</ReferencedTable>
    <Columns>
      <Column>estudianteid</Column>
    </Columns>
    <RefColumns>
      <Column>id</Column>
    </RefColumns>
  </ForeignKey>
  <ForeignKey name="FKestudiante941191">
    <ReferenceTable>estudiante</ReferenceTable>
    <ReferencedTable>persona</ReferencedTable>
    <Columns>
      <Column>personaid</Column>
    </Columns>
    <RefColumns>
      <Column>id</Column>
    </RefColumns>
  </ForeignKey>
  <ForeignKey name="FKcurso711135">
    <ReferenceTable>curso</ReferenceTable>
    <ReferencedTable>director</ReferencedTable>
    <Columns>
      <Column>directorid</Column>
    </Columns>
    <RefColumns>
      <Column>id</Column>
    </RefColumns>
  </ForeignKey>
  <ForeignKey name="FKdirector795326">
    <ReferenceTable>director</ReferenceTable>
    <ReferencedTable>persona</ReferencedTable>
    <Columns>
      <Column>personaid</Column>
    </Columns>
    <RefColumns>
      <Column>id</Column>
    </RefColumns>
  </ForeignKey>
  <ForeignKey name="FKprofesor625155">
    <ReferenceTable>profesor</ReferenceTable>
    <ReferencedTable>persona</ReferencedTable>
    <Columns>
      <Column>personaid</Column>
    </Columns>
    <RefColumns>
      <Column>id</Column>
    </RefColumns>
  </ForeignKey>
  <ForeignKey name="FKmatricula498224">
    <ReferenceTable>matricula</ReferenceTable>
    <ReferencedTable>secretaria</ReferencedTable>
    <Columns>
      <Column>secretariaid</Column>
    </Columns>
    <RefColumns>
      <Column>id</Column>
    </RefColumns>
  </ForeignKey>
  <ForeignKey name="FKmatricula243519">
    <ReferenceTable>matricula</ReferenceTable>
    <ReferencedTable>estudiante</ReferencedTable>
    <Columns>
      <Column>estudianteid</Column>
    </Columns>
    <RefColumns>
      <Column>id</Column>
    </RefColumns>
  </ForeignKey>
  <ForeignKey name="FKjefeadmini182524">
    <ReferenceTable>jefeadministracion</ReferenceTable>
    <ReferencedTable>persona</ReferencedTable>
    <Columns>
      <Column>personaid</Column>
    </Columns>
    <RefColumns>
      <Column>id</Column>
    </RefColumns>
  </ForeignKey>
  <ForeignKey name="FKestudiante322608">
    <ReferenceTable>estudiante_curso</ReferenceTable>
    <ReferencedTable>estudiante</ReferencedTable>
    <Columns>
      <Column>estudianteid</Column>
    </Columns>
    <RefColumns>
      <Column>id</Column>
    </RefColumns>
  </ForeignKey>
  <ForeignKey name="FKestudiante714088">
    <ReferenceTable>estudiante_curso</ReferenceTable>
    <ReferencedTable>curso</ReferencedTable>
    <Columns>
      <Column>cursoid</Column>
    </Columns>
    <RefColumns>
      <Column>id</Column>
    </RefColumns>
  </ForeignKey>
  <ForeignKey name="FKcurso_prof536987">
    <ReferenceTable>curso_profesor</ReferenceTable>
    <ReferencedTable>curso</ReferencedTable>
    <Columns>
      <Column>cursoid</Column>
    </Columns>
    <RefColumns>
      <Column>id</Column>
    </RefColumns>
  </ForeignKey>
  <ForeignKey name="FKcurso_prof323107">
    <ReferenceTable>curso_profesor</ReferenceTable>
    <ReferencedTable>profesor</ReferencedTable>
    <Columns>
      <Column>profesorid</Column>
    </Columns>
    <RefColumns>
      <Column>id</Column>
    </RefColumns>
  </ForeignKey>
  <ForeignKey name="FKsueldo_pro922864">
    <ReferenceTable>sueldo_profesor</ReferenceTable>
    <ReferencedTable>sueldo</ReferencedTable>
    <Columns>
      <Column>sueldoid</Column>
    </Columns>
    <RefColumns>
      <Column>id</Column>
    </RefColumns>
  </ForeignKey>
  <ForeignKey name="FKsueldo_pro775409">
    <ReferenceTable>sueldo_profesor</ReferenceTable>
    <ReferencedTable>profesor</ReferencedTable>
    <Columns>
      <Column>profesorid</Column>
    </Columns>
    <RefColumns>
      <Column>id</Column>
    </RefColumns>
  </ForeignKey>
  <ForeignKey name="FKsueldo_pro509737">
    <ReferenceTable>sueldo_profesor</ReferenceTable>
    <ReferencedTable>jefeadministracion</ReferencedTable>
    <Columns>
      <Column>jefeadministracionid</Column>
    </Columns>
    <RefColumns>
      <Column>id</Column>
    </RefColumns>
  </ForeignKey>
</Model>
