<?xml version="1.0" encoding="utf-8" ?>
<!--
Licensee: Universidad de La Frontera
License Type: Academic
-->
<!DOCTYPE hibernate-mapping PUBLIC "-//Hibernate/Hibernate Mapping DTD 3.0//EN" "http://www.hibernate.org/dtd/hibernate-mapping-3.0.dtd">
<hibernate-mapping>
	<class name="orm.Curso_profesor" table="curso_profesor" lazy="false">
		<id name="id" column="id" type="integer" unsaved-value="0">
			<generator class="increment">
			</generator>
		</id>
		<many-to-one name="curso" cascade="lock" column="cursoid" class="orm.Curso" not-null="true" lazy="no-proxy" access="field">
		</many-to-one>
		<many-to-one name="profesor" cascade="lock" column="profesorid" class="orm.Profesor" not-null="true" lazy="no-proxy" access="field">
		</many-to-one>
	</class>
</hibernate-mapping>
