<?xml version="1.0" encoding="utf-8" ?>
<!--
Licensee: Universidad de La Frontera
License Type: Academic
-->
<!DOCTYPE hibernate-mapping PUBLIC "-//Hibernate/Hibernate Mapping DTD 3.0//EN" "http://www.hibernate.org/dtd/hibernate-mapping-3.0.dtd">
<hibernate-mapping>
	<class name="orm.Matricula" table="matricula" lazy="false">
		<id name="id" column="id" type="integer" unsaved-value="0">
			<generator class="increment">
			</generator>
		</id>
		<property name="estadoMatricula" column="estadoMatricula" type="integer" length="1" not-null="false" lazy="false"/>
		<property name="monto" column="monto" type="integer" length="10" not-null="false" lazy="false"/>
		<many-to-one name="secretaria" cascade="lock" column="secretariaid" class="orm.Secretaria" not-null="false" lazy="no-proxy" access="field">
		</many-to-one>
		<many-to-one name="estudiante" column="estudianteid" class="orm.Estudiante" cascade="save-update,lock" unique="true" not-null="true" lazy="no-proxy" access="field">
		</many-to-one>
	</class>
</hibernate-mapping>
