<?xml version="1.0" encoding="utf-8" ?>
<!--
Licensee: Universidad de La Frontera
License Type: Academic
-->
<!DOCTYPE hibernate-mapping PUBLIC "-//Hibernate/Hibernate Mapping DTD 3.0//EN" "http://www.hibernate.org/dtd/hibernate-mapping-3.0.dtd">
<hibernate-mapping>
	<class name="orm.Mensualidad" table="mensualidad" lazy="false">
		<id name="id" column="id" type="integer" unsaved-value="0">
			<generator class="increment">
			</generator>
		</id>
		<many-to-one name="secretaria" cascade="lock" column="secretariaid" class="orm.Secretaria" not-null="true" lazy="no-proxy" access="field">
		</many-to-one>
		<many-to-one name="estudiante" cascade="lock" column="estudianteid" class="orm.Estudiante" not-null="true" lazy="no-proxy" access="field">
		</many-to-one>
		<property name="mes" column="mes" type="integer" length="2" not-null="true" lazy="false"/>
		<property name="monto" column="monto" type="integer" length="10" not-null="true" lazy="false"/>
	</class>
</hibernate-mapping>
