<?xml version="1.0" encoding="utf-8" ?>
<!--
Licensee: Universidad de La Frontera
License Type: Academic
-->
<!DOCTYPE hibernate-mapping PUBLIC "-//Hibernate/Hibernate Mapping DTD 3.0//EN" "http://www.hibernate.org/dtd/hibernate-mapping-3.0.dtd">
<hibernate-mapping>
	<class name="orm.Persona" table="persona" lazy="false">
		<id name="id" column="id" type="integer" unsaved-value="0">
			<generator class="increment">
			</generator>
		</id>
		<property name="nombre" column="nombre" type="string" length="20" not-null="true" lazy="false"/>
		<property name="apellido" column="apellido" type="string" length="20" not-null="true" lazy="false"/>
		<property name="rut" column="rut" type="string" length="20" not-null="true" lazy="false"/>
		<one-to-one name="secretaria" class="orm.Secretaria" cascade="save-update,lock" property-ref="persona" lazy="no-proxy" access="field"/>
		<one-to-one name="estudiante" class="orm.Estudiante" cascade="save-update,lock" property-ref="persona" lazy="no-proxy" access="field"/>
		<one-to-one name="director" class="orm.Director" cascade="save-update,lock" property-ref="persona" lazy="no-proxy" access="field"/>
		<one-to-one name="profesor" class="orm.Profesor" cascade="save-update,lock" property-ref="persona" lazy="no-proxy" access="field"/>
		<one-to-one name="jefeadministracion" class="orm.Jefeadministracion" cascade="save-update,lock" property-ref="persona" lazy="no-proxy" access="field"/>
	</class>
</hibernate-mapping>
