<?xml version="1.0" encoding="utf-8" ?>
<!--
Licensee: Universidad de La Frontera
License Type: Academic
-->
<!DOCTYPE hibernate-mapping PUBLIC "-//Hibernate/Hibernate Mapping DTD 3.0//EN" "http://www.hibernate.org/dtd/hibernate-mapping-3.0.dtd">
<hibernate-mapping>
	<class name="orm.Secretaria" table="secretaria" lazy="false">
		<id name="id" column="id" type="integer" unsaved-value="0">
			<generator class="increment">
			</generator>
		</id>
		<many-to-one name="persona" column="personaid" class="orm.Persona" cascade="save-update,lock" unique="true" not-null="true" lazy="no-proxy" access="field">
		</many-to-one>
		<set name="ORM_Mensualidad" lazy="true" cascade="save-update,lock" inverse="true">
			<key column="secretariaid" not-null="true"/>
			<one-to-many class="orm.Mensualidad"/>
		</set>
		<set name="ORM_Matricula" lazy="true" cascade="save-update,lock" inverse="true">
			<key column="secretariaid" not-null="false"/>
			<one-to-many class="orm.Matricula"/>
		</set>
	</class>
</hibernate-mapping>
